JOURNAL,YEAR,VOLUME,ISSUE,TITLE,NAME,COUNTRY,GENDER,CATEGORY,NOTESBIOCON,2011,144,1,SE,B N K Davis,UK,M,SE,BIOCON,2010,143,1,SE,B N K Davis,UK,M,SE,BIOCON,2009,142,1,SE,B N K Davis,UK,M,SE,BIOCON,2008,141,1,SE,B N K Davis,UK,M,SE,BIOCON,1991,55,1,AE,B.N.K.DAVIS,UK,M,AE,BIOCON,1992,59,1,AE,B.N.K.DAVIS,UK,M,AE,BIOCON,1993,64,1,SE,B.N.K.DAVIS,UK,M,SE,BIOCON,1994,67,1,SE,B.N.K.DAVIS,UK,M,SE,BIOCON,1995,71,1,SE,B.N.K.DAVIS,UK,M,SE,BIOCON,1996,75,1,SE,B.N.K.DAVIS,UK,M,SE,BIOCON,1997,79,1,SE,B.N.K.DAVIS,UK,M,SE,BIOCON,1998,83,1,SE,B.N.K.DAVIS,UK,M,SE,BIOCON,1999,87,1,SE,B.N.K.DAVIS,UK,M,SE,BIOCON,2000,92,1,EIC,B.N.K.DAVIS,UK,M,EIC,BIOCON,2001,97,1,EIC,B.N.K.DAVIS,UK,M,EIC,BIOCON,2002,103,1,EIC,B.N.K.DAVIS,UK,M,EIC,BIOCON,2003,109,1,EIC,B.N.K.DAVIS,UK,M,EIC,BIOCON,2005,121,1,EB,B.N.K.DAVIS,UK,M,SE,BIOCON,2006,133,1,EB,B.N.K.DAVIS,UK,M,SE,BIOCON,2007,140,1,EB,B.N.K.DAVIS,UK,M,SE,BIOCON,1985,31,1,EB,J.B. CRAGG,Canada,M,SE,BIOCON,1986,35,1,EB,J.B. CRAGG,Canada,M,SE,BIOCON,1987,39,1,EB,W.R. SIEGFRIED,South Africa,M,SE,BIOCON,1988,43,1,EB,W.R. SIEGFRIED,South Africa,M,SE,BIOCON,1989,47,1,EB,W.R. SIEGFRIED,South Africa,M,SE,BIOCON,1990,51,1,EB,W.R. SIEGFRIED,South Africa,M,SE,BIOCON,1991,55,1,EB,W.R. SIEGFRIED,South Africa,M,SE,BIOCON,1992,59,1,EB,W.R. SIEGFRIED,South Africa,M,SE,BIOCON,1993,64,1,EB,W.R. SIEGFRIED,South Africa,M,SE,BIOCON,1994,67,1,EB,W.R. SIEGFRIED,South Africa,M,SE,BIOCON,1995,71,1,EB,W.R. SIEGFRIED,South Africa,M,SE,BIOCON,1987,39,1,EB,Y. ONO,Japan,M,SE,YUITI IS MALE NAME BASED IN INTERNET SEARCHBIOCON,1988,43,1,EB,Y. ONO,Japan,M,SE,BIOCON,1989,47,1,EB,Y. ONO,Japan,M,SE,BIOCON,1990,51,1,EB,Y. ONO,Japan,M,SE,BIOCON,1991,55,1,EB,Y. ONO,Japan,M,SE,BIOCON,1992,59,1,EB,Y. ONO,Japan,M,SE,BIOCON,1987,39,1,EB,YONG-LIN CHEN,China,M,SE,MALE NAME BASED ON INTERNET SEARCHBIOCON,1988,43,1,EB,YONG-LIN CHEN,China,M,SE,BIOCON,1989,47,1,EB,YONG-LIN CHEN,China,M,SE,BIOCON,1990,51,1,EB,YONG-LIN CHEN,China,M,SE,BIOCON,1991,55,1,EB,YONG-LIN CHEN,China,M,SE,BIOCON,1992,59,1,EB,YONG-LIN CHEN,China,M,SE,BIOCON,1993,64,1,EB,YONG-LIN CHEN,China,M,SE,BIOCON,1994,67,1,EB,YONG-LIN CHEN,China,M,SE,BIOCON,1995,71,1,EB,YONG-LIN CHEN,China,M,SE,BIOCON,1996,75,1,EB,YONG-LIN CHEN,China,M,SE,BIOCON,1997,79,1,EB,YONG-LIN CHEN,China,M,SE,BIOCON,1998,83,1,EB,YONG-LIN CHEN,China,M,SE,BIOCON,1999,87,1,EB,YONG-LIN CHEN,China,M,SE,BIOCON,2000,92,1,EB,YONG-LIN CHEN,China,M,SE,BIOCON,2001,97,1,EB,YONG-LIN CHEN,China,M,SE,BIOCON,2002,103,1,EB,YONG-LIN CHEN,China,M,SE,BIOCON,2003,109,1,EB,YONG-LIN CHEN,China,M,SE,BIOCON,2004,115,1,EB,YONG-LIN CHEN,China,M,SE,BIOCON,2007,140,1,EB,A. TAYLOR,Australia,F,SE,BIOCON,2013,157,1,SE,Andrea Taylor,Australia,F,SE,BIOCON,2012,145,1,SE,Andrea Taylor,Australia,F,SE,BIOCON,2011,144,1,SE,Andrea Taylor,Australia,F,SE,BIOCON,2010,143,1,SE,Andrea Taylor,Australia,F,SE,BIOCON,2009,142,1,SE,Andrea Taylor,Australia,F,SE,BIOCON,2008,141,1,SE,Andrea Taylor,Australia,F,SE,BIOCON,1987,39,1,EB,C.M. SCHONEWALD,USA,F,SE,BIOCON,1988,43,1,EB,C.M. SCHONEWALD,USA,F,SE,BIOCON,1989,47,1,AE,C.M. SCHONEWALD,USA,F,AE,BIOCON,1990,51,1,AE,C.M. SCHONEWALD,USA,F,AE,BIOCON,1991,55,1,AE,C.M. SCHONEWALD,USA,F,AE,BIOCON,1992,59,1,AE,C.M. SCHONEWALD,USA,F,AE,BIOCON,1993,64,1,SE,C.M. SCHONEWALD,USA,F,SE,BIOCON,1994,67,1,SE,C.M. SCHONEWALD,USA,F,SE,BIOCON,1995,71,1,SE,C.M. SCHONEWALD,USA,F,SE,BIOCON,2013,157,1,SE,Eve McDonald-Madden,Australia,F,SE,BIOCON,2013,157,1,AE,Julie Lockwood,USA,F,AE,BIOCON,2012,145,1,AE,Julie Lockwood,USA,F,AE,BIOCON,2011,144,1,AE,Julie Lockwood,USA,F,AE,BIOCON,2010,143,1,AE,Julie Lockwood,USA,F,AE,BIOCON,2006,133,1,SE,K. A. WITH,USA,F,SE,BIOCON,2007,140,1,SE,K. A. WITH,USA,F,SE,BIOCON,2006,133,1,EB,K.R. LIPS,USA,F,SE,BIOCON,2007,140,1,EB,K.R. LIPS,USA,F,SE,BIOCON,2013,157,1,SE,Karen R Lips,USA,F,SE,BIOCON,2012,145,1,SE,Karen R Lips,USA,F,SE,BIOCON,2011,144,1,SE,Karen R Lips,USA,F,SE,BIOCON,2010,143,1,SE,Karen R Lips,USA,F,SE,BIOCON,2009,142,1,SE,Karen R Lips,USA,F,SE,BIOCON,2008,141,1,SE,Karen R Lips,USA,F,SE,BIOCON,2009,142,1,AE,Kimberly A With,USA,F,AE,BIOCON,2008,141,1,AE,Kimberly A With,USA,F,AE,BIOCON,2005,121,1,EB,L. GUSTAFSSON,Sweden,F,SE,BIOCON,2006,133,1,EB,L. GUSTAFSSON,Sweden,F,SE,BIOCON,2007,140,1,EB,L. GUSTAFSSON,Sweden,F,SE,BIOCON,2013,157,1,SE,Lena Gustafsson,Sweden,F,SE,BIOCON,2012,145,1,SE,Lena Gustafsson,Sweden,F,SE,BIOCON,2011,144,1,SE,Lena Gustafsson,Sweden,F,SE,BIOCON,2010,143,1,SE,Lena Gustafsson,Sweden,F,SE,BIOCON,2009,142,1,SE,Lena Gustafsson,Sweden,F,SE,BIOCON,2008,141,1,SE,Lena Gustafsson,Sweden,F,SE,BIOCON,1993,64,1,EB,LYNN A. MAGUIRE,USA,F,SE,BIOCON,1994,67,1,EB,LYNN A. MAGUIRE,USA,F,SE,BIOCON,1995,71,1,EB,LYNN A. MAGUIRE,USA,F,SE,BIOCON,1996,75,1,EB,LYNN A. MAGUIRE,USA,F,SE,BIOCON,1997,79,1,EB,LYNN A. MAGUIRE,USA,F,SE,BIOCON,1999,87,1,EB,LYNN A. MAGUIRE,USA,F,SE,BIOCON,2000,92,1,EB,LYNN A. MAGUIRE,USA,F,SE,BIOCON,2001,97,1,EB,LYNN A. MAGUIRE,USA,F,SE,BIOCON,2002,103,1,EB,LYNN A. MAGUIRE,USA,F,SE,BIOCON,2003,109,1,EB,LYNN A. MAGUIRE,USA,F,SE,BIOCON,2004,115,1,EB,LYNN A. MAGUIRE,USA,F,SE,BIOCON,2006,133,1,EB,S. ANDELMAN,USA,F,SE,BIOCON,2005,123,4,SE,S. J. ANDELMAN,USA,F,SE,BIOCON,2005,121,1,SE,S. J. ANDELMAN,USA,F,SE,BIOCON,2006,133,1,SE,A. B. GILL,UK,M,SE,BIOCON,2007,140,1,SE,A. B. GILL,UK,M,SE,BIOCON,1985,31,1,EB,A. CARR,USA,M,SE,BIOCON,1986,35,1,EB,A. CARR,USA,M,SE,BIOCON,1985,31,1,EB,A. DE VOS,New Zealand,M,SE,BIOCON,1986,35,1,EB,A. DE VOS,New Zealand,M,SE,BIOCON,2004,115,1,SE,A. S. PULLIN,UK,M,SE,BIOCON,2005,123,4,SE,A. S. PULLIN,UK,M,SE,BIOCON,2005,121,1,SE,A. S. PULLIN,UK,M,SE,BIOCON,2006,133,1,SE,A. S. PULLIN,UK,M,SE,BIOCON,2007,140,1,SE,A. S. PULLIN,UK,M,SE,BIOCON,2004,115,1,EB,A. YOUNG,Australia,M,SE,BIOCON,2005,121,1,EB,A. YOUNG,Australia,M,SE,BIOCON,2006,133,1,EB,A. YOUNG,Australia,M,SE,BIOCON,2007,140,1,EB,A. YOUNG,Australia,M,SE,BIOCON,2006,133,1,EB,A.J.T. JOHNSINGH,India,M,SE,BIOCON,2002,103,1,EB,A.J.T. JONHSINGH,India,M,SE,BIOCON,2003,109,1,EB,A.J.T. JONHSINGH,India,M,SE,BIOCON,2004,115,1,EB,A.J.T. JONHSINGH,India,M,SE,BIOCON,1996,75,1,SE,A.P. DOBSON,USA,M,SE,BIOCON,1997,79,1,SE,A.P. DOBSON,USA,M,SE,BIOCON,1985,31,1,EB,A.W. FABIO CASSOLA,Italy,M,SE,BIOCON,1986,35,1,EB,A.W. FABIO CASSOLA,Italy,M,SE,BIOCON,1987,39,1,EB,A.W. FABIO CASSOLA,Italy,M,SE,BIOCON,1988,43,1,EB,A.W. FABIO CASSOLA,Italy,M,SE,BIOCON,1989,47,1,EB,A.W. FABIO CASSOLA,Italy,M,SE,BIOCON,1990,51,1,EB,A.W. FABIO CASSOLA,Italy,M,SE,BIOCON,1991,55,1,EB,A.W. FABIO CASSOLA,Italy,M,SE,BIOCON,1992,59,1,EB,A.W. FABIO CASSOLA,Italy,M,SE,BIOCON,1993,64,1,EB,A.W. FABIO CASSOLA,Italy,M,SE,BIOCON,1994,67,1,EB,A.W. FABIO CASSOLA,Italy,M,SE,BIOCON,1995,71,1,EB,A.W. FABIO CASSOLA,Italy,M,SE,BIOCON,1996,75,1,EB,A.W. FABIO CASSOLA,Italy,M,SE,BIOCON,1997,79,1,EB,A.W. FABIO CASSOLA,Italy,M,SE,BIOCON,1998,83,1,EB,A.W. FABIO CASSOLA,Italy,M,SE,BIOCON,1999,87,1,EB,A.W. FABIO CASSOLA,Italy,M,SE,BIOCON,2000,92,1,EB,A.W. FABIO CASSOLA,Italy,M,SE,BIOCON,2001,97,1,EB,A.W. FABIO CASSOLA,Italy,M,SE,BIOCON,2002,103,1,EB,A.W. FABIO CASSOLA,Italy,M,SE,BIOCON,2003,109,1,EB,A.W. FABIO CASSOLA,Italy,M,SE,BIOCON,2005,121,1,EB,A.W. FABIO CASSOLA,Italy,M,SE,BIOCON,2006,133,1,EB,A.W. FABIO CASSOLA,Italy,M,SE,BIOCON,2013,157,1,SE,Andrew B Gill,UK,M,SE,BIOCON,2012,145,1,SE,Andrew B Gill,UK,M,SE,BIOCON,2010,143,1,AE,Andrew B Gill,UK,M,AE,BIOCON,2009,142,1,AE,Andrew B Gill,UK,M,AE,BIOCON,2008,141,1,AE,Andrew B Gill,UK,M,AE,BIOCON,2013,157,1,AE,Andrew S Pullin,UK,M,AE,BIOCON,2012,145,1,AE,Andrew S Pullin,UK,M,AE,BIOCON,2011,144,1,AE,Andrew S Pullin,UK,M,AE,BIOCON,2010,143,1,AE,Andrew S Pullin,UK,M,AE,BIOCON,2009,142,1,AE,Andrew S Pullin,UK,M,AE,BIOCON,2008,141,1,AE,Andrew S Pullin,UK,M,AE,BIOCON,2013,157,1,SE,Andrew Young,Australia,M,SE,BIOCON,2012,145,1,SE,Andrew Young,Australia,M,SE,BIOCON,2011,144,1,SE,Andrew Young,Australia,M,SE,BIOCON,2010,143,1,SE,Andrew Young,Australia,M,SE,BIOCON,2009,142,1,SE,Andrew Young,Australia,M,SE,BIOCON,2008,141,1,SE,Andrew Young,Australia,M,SE,BIOCON,2013,157,1,SE,Atte Moilanen,Finland,M,SE,BIOCON,2004,115,1,EB,B. MOSS,UK,M,SE,BIOCON,2006,133,1,EB,B. MOSS,UK,M,SE,BIOCON,2007,140,1,EB,B. MOSS,UK,M,SE,BIOCON,1985,31,1,EB,B. NIEVERGELT,Switzerland,M,SE,BIOCON,1986,35,1,EB,B. NIEVERGELT,Switzerland,M,SE,BIOCON,1987,39,1,EB,B. NIEVERGELT,Switzerland,M,SE,BIOCON,1988,43,1,EB,B. NIEVERGELT,Switzerland,M,SE,BIOCON,1989,47,1,EB,B. NIEVERGELT,Switzerland,M,SE,BIOCON,1990,51,1,EB,B. NIEVERGELT,Switzerland,M,SE,BIOCON,1991,55,1,EB,B. NIEVERGELT,Switzerland,M,SE,BIOCON,1992,59,1,EB,B. NIEVERGELT,Switzerland,M,SE,BIOCON,1993,64,1,EB,B. NIEVERGELT,Switzerland,M,SE,BIOCON,1994,67,1,EB,B. NIEVERGELT,Switzerland,M,SE,BIOCON,1995,71,1,EB,B. NIEVERGELT,Switzerland,M,SE,BIOCON,1996,75,1,EB,B. NIEVERGELT,Switzerland,M,SE,BIOCON,1997,79,1,EB,B. NIEVERGELT,Switzerland,M,SE,BIOCON,1998,83,1,EB,B. NIEVERGELT,Switzerland,M,SE,BIOCON,1999,87,1,EB,B. NIEVERGELT,Switzerland,M,SE,BIOCON,2006,133,1,EB,B. PRESSEY,Australia,M,SE,BIOCON,2007,140,1,EB,B. PRESSEY,Australia,M,SE,BIOCON,2013,157,1,SE,Barry W Brook,Australia,M,SE,BIOCON,2012,145,1,SE,Barry W Brook,Australia,M,SE,BIOCON,2011,144,1,SE,Barry W Brook,Australia,M,SE,BIOCON,2010,143,1,SE,Barry W Brook,Australia,M,SE,BIOCON,2013,157,1,SE,Bo Soderstrom,Sweden,M,SE,BIOCON,2012,145,1,SE,Bo Soderstrom,Sweden,M,SE,BIOCON,2010,143,1,AE,Bo Soderstrom,Sweden,M,AE,BIOCON,2009,142,1,SE,Bob Pressey,Australia,M,SE,BIOCON,2008,141,1,SE,Bob Pressey,Australia,M,SE,BIOCON,2013,157,1,SE,Brian Moss,UK,M,SE,BIOCON,2012,145,1,SE,Brian Moss,UK,M,SE,BIOCON,2011,144,1,SE,Brian Moss,UK,M,SE,BIOCON,2010,143,1,SE,Brian Moss,UK,M,SE,BIOCON,2009,142,1,SE,Brian Moss,UK,M,SE,BIOCON,2008,141,1,SE,Brian Moss,UK,M,SE,BIOCON,1990,51,1,EB,C. BIBBY,UK,M,SE,BIOCON,1991,55,1,EB,C. BIBBY,UK,M,SE,BIOCON,1992,59,1,EB,C. BIBBY,UK,M,SE,BIOCON,1993,64,1,EB,C. BIBBY,UK,M,SE,BIOCON,1994,67,1,EB,C. BIBBY,UK,M,SE,BIOCON,1995,71,1,EB,C. BIBBY,UK,M,SE,BIOCON,1996,75,1,EB,C. BIBBY,UK,M,SE,BIOCON,1997,79,1,EB,C. BIBBY,UK,M,SE,BIOCON,1998,83,1,EB,C. BIBBY,UK,M,SE,BIOCON,1999,87,1,EB,C. BIBBY,UK,M,SE,BIOCON,2000,92,1,EB,C. BIBBY,UK,M,SE,BIOCON,2001,97,1,EB,C. BIBBY,UK,M,SE,BIOCON,2002,103,1,EB,C. BIBBY,UK,M,SE,BIOCON,1994,67,1,EB,C. GOMEZ-CAMPO,Spain,M,SE,BIOCON,1995,71,1,EB,C. GOMEZ-CAMPO,Spain,M,SE,BIOCON,1996,75,1,EB,C. GOMEZ-CAMPO,Spain,M,SE,BIOCON,1997,79,1,EB,C. GOMEZ-CAMPO,Spain,M,SE,BIOCON,1998,83,1,EB,C. GOMEZ-CAMPO,Spain,M,SE,BIOCON,1999,87,1,EB,C. GOMEZ-CAMPO,Spain,M,SE,BIOCON,2000,92,1,EB,C. GOMEZ-CAMPO,Spain,M,SE,BIOCON,2001,97,1,EB,C. GOMEZ-CAMPO,Spain,M,SE,BIOCON,2002,103,1,EB,C. GOMEZ-CAMPO,Spain,M,SE,BIOCON,2003,109,1,EB,C. GOMEZ-CAMPO,Spain,M,SE,BIOCON,2004,115,1,EB,C. GOMEZ-CAMPO,Spain,M,SE,BIOCON,1998,83,1,EB,C. GUYER,USA,M,SE,BIOCON,1999,87,1,EB,C. GUYER,USA,M,SE,BIOCON,2000,92,1,EB,C. GUYER,USA,M,SE,BIOCON,2001,97,1,EB,C. GUYER,USA,M,SE,BIOCON,2002,103,1,EB,C. GUYER,USA,M,SE,BIOCON,2003,109,1,EB,C. GUYER,USA,M,SE,BIOCON,2004,115,1,EB,C. GUYER,USA,M,SE,BIOCON,2002,103,1,EB,C. JERMY,UK,M,SE,BIOCON,2003,109,1,EB,C. JERMY,UK,M,SE,BIOCON,2004,115,1,EB,C. JERMY,UK,M,SE,BIOCON,1994,67,1,EB,C. JERMY,USA,M,SE,BIOCON,1995,71,1,EB,C. JERMY,USA,M,SE,BIOCON,1996,75,1,EB,C. JERMY,USA,M,SE,BIOCON,1997,79,1,EB,C. JERMY,USA,M,SE,BIOCON,1998,83,1,EB,C. JERMY,USA,M,SE,BIOCON,1999,87,1,EB,C. JERMY,USA,M,SE,BIOCON,2000,92,1,EB,C. JERMY,USA,M,SE,BIOCON,2001,97,1,EB,C. JERMY,USA,M,SE,BIOCON,2013,157,1,SE,Cagan Sekercioglu,USA,M,SE,BIOCON,2012,145,1,SE,Cagan Sekercioglu,USA,M,SE,BIOCON,2013,157,1,SE,Carlos Roberto Fonseca,Brazil,M,SE,BIOCON,2012,145,1,SE,Carlos Roberto Fonseca,Brazil,M,SE,BIOCON,2003,109,1,SE,D. A. SAUNDERS,Australia,M,SE,BIOCON,2004,115,1,SE,D. A. SAUNDERS,Australia,M,SE,BIOCON,2005,123,4,SE,D. A. SAUNDERS,Australia,M,SE,BIOCON,2005,121,1,SE,D. A. SAUNDERS,Australia,M,SE,BIOCON,2006,133,1,SE,D. A. SAUNDERS,Australia,M,SE,BIOCON,2007,140,1,SE,D. A. SAUNDERS,Australia,M,SE,BIOCON,2006,133,1,EB,D.B. LINDENMAYER,Australia,M,SE,BIOCON,2007,140,1,EB,D.B. LINDENMAYER,Australia,M,SE,BIOCON,1985,31,1,EB,D.J. KUENEN,Netherlands,M,SE,BIOCON,1986,35,1,EB,D.J. KUENEN,Netherlands,M,SE,BIOCON,1991,55,1,EB,D.J. MORAFKA,USA,M,SE,BIOCON,1992,59,1,EB,D.J. MORAFKA,USA,M,SE,BIOCON,2013,157,1,AE,Daniel Oro,Spain,M,AE,BIOCON,2012,145,1,AE,Daniel Oro,Spain,M,AE,BIOCON,2011,144,1,AE,Daniel Oro,Spain,M,AE,BIOCON,2013,157,1,SE,David B Lindenmayer,Australia,M,SE,BIOCON,2012,145,1,SE,David B Lindenmayer,Australia,M,SE,BIOCON,2011,144,1,SE,David B Lindenmayer,Australia,M,SE,BIOCON,2010,143,1,SE,David B Lindenmayer,Australia,M,SE,BIOCON,2009,142,1,SE,David B Lindenmayer,Australia,M,SE,BIOCON,2008,141,1,SE,David B Lindenmayer,Australia,M,SE,BIOCON,2013,157,1,SE,Denis A Saunders,Australia,M,SE,BIOCON,2012,145,1,SE,Denis A Saunders,Australia,M,SE,BIOCON,2011,144,1,SE,Denis A Saunders,Australia,M,SE,BIOCON,2010,143,1,SE,Denis A Saunders,Australia,M,SE,BIOCON,2009,142,1,SE,Denis A Saunders,Australia,M,SE,BIOCON,2008,141,1,SE,Denis A Saunders,Australia,M,SE,BIOCON,2013,157,1,SE,E Duffey,France,M,SE,BIOCON,1999,87,1,EIC,E. DUFFEY,France,M,EIC,BIOCON,2000,92,1,EB,E. DUFFEY,France,M,SE,BIOCON,2001,97,1,EB,E. DUFFEY,France,M,SE,BIOCON,2004,115,1,EB,E. DUFFEY,France,M,SE,BIOCON,2005,121,1,EB,E. DUFFEY,France,M,SE,BIOCON,2006,133,1,EB,E. DUFFEY,France,M,SE,BIOCON,2007,140,1,EB,E. DUFFEY,France,M,SE,BIOCON,1985,31,1,EIC,E. DUFFEY,UK,M,EIC,BIOCON,1986,35,1,EIC,E. DUFFEY,UK,M,EIC,BIOCON,1987,39,1,EIC,E. DUFFEY,UK,M,EIC,BIOCON,1988,43,1,EIC,E. DUFFEY,UK,M,EIC,BIOCON,1989,47,1,EIC,E. DUFFEY,UK,M,EIC,BIOCON,1990,51,1,EIC,E. DUFFEY,UK,M,EIC,BIOCON,1991,55,1,EIC,E. DUFFEY,UK,M,EIC,BIOCON,1992,59,1,EIC,E. DUFFEY,UK,M,EIC,BIOCON,1993,64,1,EIC,E. DUFFEY,UK,M,EIC,BIOCON,1994,67,1,EIC,E. DUFFEY,UK,M,EIC,BIOCON,1995,71,1,EIC,E. DUFFEY,UK,M,EIC,BIOCON,1996,75,1,EIC,E. DUFFEY,UK,M,EIC,BIOCON,1997,79,1,EIC,E. DUFFEY,UK,M,EIC,BIOCON,1998,83,1,EIC,E. DUFFEY,UK,M,EIC,BIOCON,2002,103,1,EB,E. DUFFEY,UK,M,SE,BIOCON,2003,109,1,EB,E. DUFFEY,UK,M,SE,BIOCON,2012,145,1,SE,Eric Duffey,France,M,SE,BIOCON,2011,144,1,SE,Eric Duffey,France,M,SE,BIOCON,2010,143,1,SE,Eric Duffey,France,M,SE,BIOCON,2009,142,1,SE,Eric Duffey,France,M,SE,BIOCON,2008,141,1,SE,Eric Duffey,France,M,SE,BIOCON,1985,31,1,EB,F. BOURLIERE,France,M,SE,BIOCON,1985,31,1,EB,F. BOURLIERE,France,M,SE,BIOCON,1986,35,1,EB,F. BOURLIERE,France,M,SE,BIOCON,2004,115,1,EB,F. CASSOLA,ITALY,M,SE,BIOCON,1987,39,1,EB,F. RAMADE,France,M,SE,BIOCON,1988,43,1,EB,F. RAMADE,France,M,SE,BIOCON,1989,47,1,EB,F. RAMADE,France,M,SE,BIOCON,1990,51,1,EB,F. RAMADE,France,M,SE,BIOCON,1991,55,1,EB,F. RAMADE,France,M,SE,BIOCON,1992,59,1,EB,F. RAMADE,France,M,SE,BIOCON,1993,64,1,EB,F. RAMADE,France,M,SE,BIOCON,1994,67,1,EB,F. RAMADE,France,M,SE,BIOCON,1995,71,1,EB,F. RAMADE,France,M,SE,BIOCON,1996,75,1,EB,F. RAMADE,France,M,SE,BIOCON,1997,79,1,EB,F. RAMADE,France,M,SE,BIOCON,1998,83,1,EB,F. RAMADE,France,M,SE,BIOCON,1999,87,1,EB,F. RAMADE,France,M,SE,BIOCON,2000,92,1,EB,F. RAMADE,France,M,SE,BIOCON,2001,97,1,EB,F. RAMADE,France,M,SE,BIOCON,2002,103,1,EB,F. RAMADE,France,M,SE,BIOCON,2003,109,1,EB,F. RAMADE,France,M,SE,BIOCON,2004,115,1,EB,F. RAMADE,France,M,SE,BIOCON,2005,121,1,EB,F. RAMADE,France,M,SE,BIOCON,2006,133,1,EB,F. RAMADE,France,M,SE,BIOCON,2005,121,1,EB,F. RUMSEY,UK,M,SE,BIOCON,2006,133,1,EB,F. RUMSEY,UK,M,SE,BIOCON,2007,140,1,EB,F. RUMSEY,UK,M,SE,BIOCON,1985,31,1,EB,F.B. GOLDSMITH,UK,M,SE,BIOCON,1986,35,1,EB,F.B. GOLDSMITH,UK,M,SE,BIOCON,1987,39,1,EB,F.B. GOLDSMITH,UK,M,SE,BIOCON,1988,43,1,EB,F.B. GOLDSMITH,UK,M,SE,BIOCON,1990,51,1,EB,F.G. BERNALDEZ,Spain,M,SE,BIOCON,1991,55,1,EB,F.G. BERNALDEZ,Spain,M,SE,BIOCON,1992,59,1,EB,F.G. BERNALDEZ,Spain,M,SE,BIOCON,2013,157,1,SE,Falk Huettmann,USA,M,SE,BIOCON,2013,157,1,SE,Fred Rumsey,UK,M,SE,BIOCON,2012,145,1,SE,Fred Rumsey,UK,M,SE,BIOCON,2011,144,1,SE,Fred Rumsey,UK,M,SE,BIOCON,2010,143,1,SE,Fred Rumsey,UK,M,SE,BIOCON,2009,142,1,SE,Fred Rumsey,UK,M,SE,BIOCON,2008,141,1,SE,Fred Rumsey,UK,M,SE,BIOCON,1985,31,1,EB,G. BUDOWSKI,Costa Rica,M,SE,BIOCON,1986,35,1,EB,G. BUDOWSKI,Costa Rica,M,SE,BIOCON,1998,83,1,EB,G.F. PETERKEN,UK,M,SE,BIOCON,1999,87,1,EB,G.F. PETERKEN,UK,M,SE,BIOCON,2000,92,1,EB,G.F. PETERKEN,UK,M,SE,BIOCON,2001,97,1,EB,G.F. PETERKEN,UK,M,SE,BIOCON,2002,103,1,EB,G.F. PETERKEN,UK,M,SE,BIOCON,2003,109,1,EB,G.F. PETERKEN,UK,M,SE,BIOCON,2004,115,1,EB,G.F. PETERKEN,UK,M,SE,BIOCON,2005,121,1,EB,G.F. PETERKEN,UK,M,SE,BIOCON,2006,133,1,EB,G.F. PETERKEN,UK,M,SE,BIOCON,2007,140,1,EB,G.F. PETERKEN,UK,M,SE,BIOCON,2009,142,1,SE,George F Peterken,UK,M,SE,BIOCON,2008,141,1,SE,George F Peterken,UK,M,SE,BIOCON,1985,31,1,EB,H. CRUSZ,Sri Lanka,M,SE,BIOCON,1986,35,1,EB,H. CRUSZ,Sri Lanka,M,SE,BIOCON,1987,39,1,EB,H. CRUSZ,Sri Lanka,M,SE,BIOCON,1988,43,1,EB,H. CRUSZ,Sri Lanka,M,SE,BIOCON,1989,47,1,EB,H. CRUSZ,Sri Lanka,M,SE,BIOCON,1997,79,1,EB,I. ATKINSON,New Zealand,M,SE,BIOCON,1998,83,1,EB,I. ATKINSON,New Zealand,M,SE,BIOCON,1999,87,1,EB,I. ATKINSON,New Zealand,M,SE,BIOCON,2000,92,1,EB,I. ATKINSON,New Zealand,M,SE,BIOCON,2001,97,1,EB,I. ATKINSON,New Zealand,M,SE,BIOCON,2001,97,1,EB,I. ATKINSON,New Zealand,M,SE,BIOCON,2002,103,1,EB,I. ATKINSON,New Zealand,M,SE,BIOCON,2003,109,1,EB,I. ATKINSON,New Zealand,M,SE,BIOCON,2004,115,1,EB,I. ATKINSON,New Zealand,M,SE,BIOCON,1987,39,1,EB,J. HARWOOD,UK,M,SE,BIOCON,1988,43,1,EB,J. HARWOOD,UK,M,SE,BIOCON,1989,47,1,EB,J. HARWOOD,UK,M,SE,BIOCON,1990,51,1,EB,J. HARWOOD,UK,M,SE,BIOCON,1991,55,1,EB,J. HARWOOD,UK,M,SE,BIOCON,1992,59,1,EB,J. HARWOOD,UK,M,SE,BIOCON,1993,64,1,EB,J. HARWOOD,UK,M,SE,BIOCON,1994,67,1,EB,J. HARWOOD,UK,M,SE,BIOCON,1995,71,1,EB,J. HARWOOD,UK,M,SE,BIOCON,1996,75,1,EB,J. HARWOOD,UK,M,SE,BIOCON,1998,83,1,EB,J. HARWOOD,UK,M,SE,BIOCON,1999,87,1,EB,J. HARWOOD,UK,M,SE,BIOCON,2000,92,1,EB,J. HARWOOD,UK,M,SE,BIOCON,2001,97,1,EB,J. HARWOOD,UK,M,SE,BIOCON,2002,103,1,EB,J. HARWOOD,UK,M,SE,BIOCON,2003,109,1,EB,J. HARWOOD,UK,M,SE,BIOCON,2004,115,1,EB,J. HARWOOD,UK,M,SE,BIOCON,2005,121,1,EB,J. HARWOOD,UK,M,SE,BIOCON,2006,133,1,EB,J. HARWOOD,UK,M,SE,BIOCON,2007,140,1,SE,J. P. METZGER,Brazil,M,SE,BIOCON,1985,31,1,EB,J.C. DE M. CARVALHO,Brazil,M,SE,BIOCON,1986,35,1,EB,J.C. DE M. CARVALHO,Brazil,M,SE,BIOCON,1987,39,1,EB,J.D. MIDDLETON,Canada,M,SE,BIOCON,1988,43,1,EB,J.D. MIDDLETON,Canada,M,SE,BIOCON,1989,47,1,EB,J.D. MIDDLETON,Canada,M,SE,BIOCON,1985,31,1,EB,J.D. OVINGTON,Australia,M,SE,BIOCON,1986,35,1,EB,J.D. OVINGTON,Australia,M,SE,BIOCON,1985,31,1,EB,J.F.V. PHILLIPS,South Africa,M,SE,BIOCON,1986,35,1,EB,J.F.V. PHILLIPS,South Africa,M,SE,BIOCON,2002,103,1,EB,J.J.D. GREENWOOD,UK,M,SE,BIOCON,2003,109,1,EB,J.J.D. GREENWOOD,UK,M,SE,BIOCON,2004,115,1,EB,J.J.D. GREENWOOD,UK,M,SE,BIOCON,2005,121,1,EB,J.J.D. GREENWOOD,UK,M,SE,BIOCON,2006,133,1,EB,J.J.D. GREENWOOD,UK,M,SE,BIOCON,2007,140,1,EB,J.J.D. GREENWOOD,UK,M,SE,BIOCON,2005,121,1,EB,J.L. CRAIG,New Zealand,M,SE,BIOCON,2006,133,1,EB,J.L. CRAIG,New Zealand,M,SE,BIOCON,2007,140,1,EB,J.L. CRAIG,New Zealand,M,SE,BIOCON,2004,115,1,EB,J.M. IRIONDO,Spain,M,SE,BIOCON,2006,133,1,EB,J.M. IRLONDO,Spain,M,SE,BIOCON,2007,140,1,EB,J.M. IRLONDO,Spain,M,SE,BIOCON,2013,157,1,SE,Jacob Pollock,USA,M,SE,BIOCON,2013,157,1,SE,Jean Paul Metzger,Brazil,M,SE,BIOCON,2012,145,1,SE,Jean Paul Metzger,Brazil,M,SE,BIOCON,2010,143,1,AE,Jean Paul Metzger,Brazil,M,AE,BIOCON,2009,142,1,AE,Jean Paul Metzger,Brazil,M,AE,BIOCON,2008,141,1,AE,Jean Paul Metzger,Brazil,M,AE,BIOCON,2013,157,1,SE,Jean-Dominique Lebreton,France,M,SE,BIOCON,2012,145,1,SE,Jean-Dominique Lebreton,France,M,SE,BIOCON,2011,144,1,SE,Jean-Dominique Lebreton,France,M,SE,BIOCON,2013,157,1,SE,Jeffrey Wielgus,USA,M,SE,BIOCON,2012,145,1,SE,Jeffrey Wielgus,USA,M,SE,BIOCON,2011,144,1,SE,Jeffrey Wielgus,USA,M,SE,BIOCON,2010,143,1,SE,Jeffrey Wielgus,USA,M,SE,BIOCON,2009,142,1,SE,Jeremy Greenwood,NA,M,SE,BIOCON,2008,141,1,SE,Jeremy Greenwood,NA,M,SE,BIOCON,1985,31,1,EB,JOHN A. GIBB,New Zealand,M,SE,BIOCON,1986,35,1,EB,JOHN A. GIBB,New Zealand,M,SE,BIOCON,1987,39,1,EB,JOHN A. GIBB,New Zealand,M,SE,BIOCON,1988,43,1,EB,JOHN A. GIBB,New Zealand,M,SE,BIOCON,1989,47,1,EB,JOHN A. GIBB,New Zealand,M,SE,BIOCON,1990,51,1,EB,JOHN A. GIBB,New Zealand,M,SE,BIOCON,1991,55,1,EB,JOHN A. GIBB,New Zealand,M,SE,BIOCON,1992,59,1,EB,JOHN A. GIBB,New Zealand,M,SE,BIOCON,1993,64,1,EB,JOHN A. GIBB,New Zealand,M,SE,BIOCON,1994,67,1,EB,JOHN A. GIBB,New Zealand,M,SE,BIOCON,1995,71,1,EB,JOHN A. GIBB,New Zealand,M,SE,BIOCON,1996,75,1,EB,JOHN A. GIBB,New Zealand,M,SE,BIOCON,2013,157,1,SE,John L Craig,New Zealand,M,SE,BIOCON,2012,145,1,SE,John L Craig,New Zealand,M,SE,BIOCON,2011,144,1,SE,John L Craig,New Zealand,M,SE,BIOCON,2010,143,1,SE,John L Craig,New Zealand,M,SE,BIOCON,2009,142,1,SE,John L Craig,New Zealand,M,SE,BIOCON,2008,141,1,SE,John L Craig,New Zealand,M,SE,BIOCON,1993,64,1,EB,JOHN SEIDENSTZICKER,USA,M,SE,BIOCON,1994,67,1,EB,JOHN SEIDENSTZICKER,USA,M,SE,BIOCON,1995,71,1,EB,JOHN SEIDENSTZICKER,USA,M,SE,BIOCON,1996,75,1,EB,JOHN SEIDENSTZICKER,USA,M,SE,BIOCON,1997,79,1,EB,JOHN SEIDENSTZICKER,USA,M,SE,BIOCON,1998,83,1,EB,JOHN SEIDENSTZICKER,USA,M,SE,BIOCON,1999,87,1,EB,JOHN SEIDENSTZICKER,USA,M,SE,BIOCON,2013,157,1,SE,Jose M Iriondo,Spain,M,SE,BIOCON,2012,145,1,SE,Jose M Iriondo,Spain,M,SE,BIOCON,2011,144,1,SE,Jose M Iriondo,Spain,M,SE,BIOCON,2010,143,1,SE,Jose M Iriondo,Spain,M,SE,BIOCON,2009,142,1,SE,Jose M Iriondo,Spain,M,SE,BIOCON,2008,141,1,SE,Jose M Iriondo,Spain,M,SE,BIOCON,2006,133,1,EB,K. KIRBY,UK,M,SE,BIOCON,2007,140,1,EB,K. KIRBY,UK,M,SE,BIOCON,1985,31,1,EB,K. MELLANBY,UK,M,SE,BIOCON,1986,35,1,EB,K. MELLANBY,UK,M,SE,BIOCON,1987,39,1,EB,K. MELLANBY,UK,M,SE,BIOCON,1988,43,1,EB,K. MELLANBY,UK,M,SE,BIOCON,1989,47,1,EB,K. MELLANBY,UK,M,SE,BIOCON,1990,51,1,EB,K. MELLANBY,UK,M,SE,BIOCON,1991,55,1,EB,K. MELLANBY,UK,M,SE,BIOCON,1992,59,1,EB,K. MELLANBY,UK,M,SE,BIOCON,1993,64,1,EB,K. SHAWN SMALLWOOD,USA,M,SE,BIOCON,1994,67,1,EB,K. SHAWN SMALLWOOD,USA,M,SE,BIOCON,1995,71,1,EB,K. SHAWN SMALLWOOD,USA,M,SE,BIOCON,1996,75,1,EB,K. SHAWN SMALLWOOD,USA,M,SE,BIOCON,1997,79,1,EB,K. SHAWN SMALLWOOD,USA,M,SE,BIOCON,2013,157,1,SE,Keith Kirby,UK,M,SE,BIOCON,2012,145,1,SE,Keith Kirby,UK,M,SE,BIOCON,2011,144,1,SE,Keith Kirby,UK,M,SE,BIOCON,2010,143,1,SE,Keith Kirby,UK,M,SE,BIOCON,2009,142,1,SE,Keith Kirby,UK,M,SE,BIOCON,2008,141,1,SE,Keith Kirby,UK,M,SE,BIOCON,2013,157,1,SE,Kevin J Gaston,UK,M,SE,BIOCON,1985,31,1,EB,L. HOFFMANN,France,M,SE,BIOCON,1986,35,1,EB,L. HOFFMANN,France,M,SE,BIOCON,1985,31,1,EB,L. M. TALBOT,Switzerland,M,SE,BIOCON,1985,31,1,EB,L.K. SHAPOSHNIKOV,USSR,M,SE,BIOCON,1986,35,1,EB,L.K. SHAPOSHNIKOV,USSR,M,SE,BIOCON,1985,31,1,EB,LENNART HANSSON,Sweden,M,SE,BIOCON,1986,35,1,EB,LENNART HANSSON,Sweden,M,SE,BIOCON,1987,39,1,EB,LENNART HANSSON,Sweden,M,SE,BIOCON,1988,43,1,EB,LENNART HANSSON,Sweden,M,SE,BIOCON,1989,47,1,EB,LENNART HANSSON,Sweden,M,SE,BIOCON,1990,51,1,EB,LENNART HANSSON,Sweden,M,SE,BIOCON,1991,55,1,EB,LENNART HANSSON,Sweden,M,SE,BIOCON,1992,59,1,EB,LENNART HANSSON,Sweden,M,SE,BIOCON,1993,64,1,EB,LENNART HANSSON,Sweden,M,SE,BIOCON,1994,67,1,EB,LENNART HANSSON,Sweden,M,SE,BIOCON,1995,71,1,EB,LENNART HANSSON,Sweden,M,SE,BIOCON,1996,75,1,EB,LENNART HANSSON,Sweden,M,SE,BIOCON,1997,79,1,EB,LENNART HANSSON,Sweden,M,SE,BIOCON,1998,83,1,EB,LENNART HANSSON,Sweden,M,SE,BIOCON,1999,87,1,EB,LENNART HANSSON,Sweden,M,SE,BIOCON,2000,92,1,EB,LENNART HANSSON,Sweden,M,SE,BIOCON,2001,97,1,EB,LENNART HANSSON,Sweden,M,SE,BIOCON,2002,103,1,EB,LENNART HANSSON,Sweden,M,SE,BIOCON,2003,109,1,EB,LENNART HANSSON,Sweden,M,SE,BIOCON,2004,115,1,EB,LENNART HANSSON,Sweden,M,SE,BIOCON,2013,157,1,AE,Lian P Koh,Switzerland,M,AE,BIOCON,2012,145,1,AE,Lian P Koh,Switzerland,M,AE,BIOCON,2006,133,1,EB,M. BURGMAN,Australia,M,SE,BIOCON,2007,140,1,EB,M. BURGMAN,Australia,M,SE,BIOCON,1997,79,1,EB,M. HARRISON,UK,M,SE,BIOCON,1998,83,1,EB,M. HARRISON,UK,M,SE,BIOCON,1999,87,1,EB,M. HARRISON,UK,M,SE,BIOCON,2000,92,1,EB,M. HARRISON,UK,M,SE,BIOCON,2001,97,1,EB,M. HARRISON,UK,M,SE,BIOCON,2002,103,1,EB,M. HARRISON,UK,M,SE,BIOCON,2003,109,1,EB,M. HARRISON,UK,M,SE,BIOCON,2004,115,1,EB,M. HARRISON,UK,M,SE,BIOCON,1998,83,1,EB,M. LOMOLINO,USA,M,SE,BIOCON,1999,87,1,EB,M. LOMOLINO,USA,M,SE,BIOCON,2000,92,1,EB,M. LOMOLINO,USA,M,SE,BIOCON,2001,97,1,EB,M. LOMOLINO,USA,M,SE,BIOCON,2002,103,1,EB,M. LOMOLINO,USA,M,SE,BIOCON,2003,109,1,EB,M. LOMOLINO,USA,M,SE,BIOCON,2004,115,1,EB,M. LOMOLINO,USA,M,SE,BIOCON,1985,31,1,EB,M.J. COE,UK,M,SE,BIOCON,1986,35,1,EB,M.J. COE,UK,M,SE,BIOCON,1987,39,1,EB,M.J. COE,UK,M,SE,BIOCON,1988,43,1,EB,M.J. COE,UK,M,SE,BIOCON,1989,47,1,EB,M.J. COE,UK,M,SE,BIOCON,1990,51,1,EB,M.J. COE,UK,M,SE,BIOCON,1991,55,1,EB,M.J. COE,UK,M,SE,BIOCON,1992,59,1,EB,M.J. COE,UK,M,SE,BIOCON,1993,64,1,EB,M.J. COE,UK,M,SE,BIOCON,1994,67,1,EB,M.J. COE,UK,M,SE,BIOCON,1995,71,1,EB,M.J. COE,UK,M,SE,BIOCON,1996,75,1,EB,M.J. COE,UK,M,SE,BIOCON,1997,79,1,EB,M.J. COE,UK,M,SE,BIOCON,1998,83,1,EB,M.J. COE,UK,M,SE,BIOCON,1999,87,1,EB,M.J. COE,UK,M,SE,BIOCON,2000,92,1,EB,M.J. SCOTT,USA,M,SE,BIOCON,2001,97,1,EB,M.J. SCOTT,USA,M,SE,BIOCON,2002,103,1,EB,M.J. SCOTT,USA,M,SE,BIOCON,2003,109,1,EB,M.J. SCOTT,USA,M,SE,BIOCON,2004,115,1,EB,M.J. SCOTT,USA,M,SE,BIOCON,2005,121,1,EB,M.J. SCOTT,USA,M,SE,BIOCON,2006,133,1,EB,M.J. SCOTT,USA,M,SE,BIOCON,2005,121,1,EB,M.R. WILLIG,USA,M,SE,BIOCON,2006,133,1,EB,M.R. WILLIG,USA,M,SE,BIOCON,2007,140,1,EB,M.R. WILLIG,USA,M,SE,BIOCON,1999,87,1,SE,M.W. SCHUARTZ,USA,M,SE,BIOCON,2000,92,1,SE,M.W. SCHUARTZ,USA,M,SE,BIOCON,2001,97,1,SE,M.W. SCHUARTZ,USA,M,SE,BIOCON,2002,103,1,SE,M.W. SCHUARTZ,USA,M,SE,BIOCON,2003,109,1,SE,M.W. SCHUARTZ,USA,M,SE,BIOCON,2004,115,1,SE,M.W. SCHUARTZ,USA,M,SE,BIOCON,2005,121,1,EB,M.W. SCHWARTZ,USA,M,SE,BIOCON,2006,133,1,EB,M.W. SCHWARTZ,USA,M,SE,BIOCON,2007,140,1,EB,M.W. SCHWARTZ,USA,M,SE,BIOCON,1985,31,1,EB,MANUEL G. DE VIEDMA,Spain,M,SE,BIOCON,1986,35,1,EB,MANUEL G. DE VIEDMA,Spain,M,SE,BIOCON,1987,39,1,EB,MANUEL G. DE VIEDMA,Spain,M,SE,BIOCON,1988,43,1,EB,MANUEL G. DE VIEDMA,Spain,M,SE,BIOCON,2013,157,1,AE,Mark A Burgman,Australia,M,AE,BIOCON,2012,145,1,AE,Mark A Burgman,Australia,M,AE,BIOCON,2011,144,1,SE,Mark A Burgman,Australia,M,SE,BIOCON,2010,143,1,SE,Mark A Burgman,Australia,M,SE,BIOCON,2009,142,1,SE,Mark A Burgman,Australia,M,SE,BIOCON,2008,141,1,SE,Mark A Burgman,Australia,M,SE,BIOCON,2013,157,1,AE,Mark J Costello,New Zealand,M,AE,BIOCON,2012,145,1,AE,Mark J Costello,New Zealand,M,AE,BIOCON,2011,144,1,AE,Mark J Costello,New Zealand,M,AE,BIOCON,2013,157,1,SE,Mark W Schwartz,USA,M,SE,BIOCON,2012,145,1,SE,Mark W Schwartz,USA,M,SE,BIOCON,2011,144,1,SE,Mark W Schwartz,USA,M,SE,BIOCON,2010,143,1,SE,Mark W Schwartz,USA,M,SE,BIOCON,2009,142,1,SE,Mark W Schwartz,USA,M,SE,BIOCON,2008,141,1,SE,Mark W Schwartz,USA,M,SE,BIOCON,2010,143,1,AE,Markus Fischer,Switzerland,M,AE,BIOCON,1990,51,1,EB,MARTIN K. MCNICHOLL,Canada,M,SE,BIOCON,1991,55,1,EB,MARTIN K. MCNICHOLL,Canada,M,SE,BIOCON,1992,59,1,EB,MARTIN K. MCNICHOLL,Canada,M,SE,BIOCON,1993,64,1,EB,MARTIN K. MCNICHOLL,Canada,M,SE,BIOCON,2013,157,1,AE,Mauro Galetti,Brazil,M,AE,BIOCON,2012,145,1,AE,Mauro Galetti,Brazil,M,AE,BIOCON,2011,144,1,AE,Mauro Galetti,Brazil,M,AE,BIOCON,2013,157,1,SE,Michael R Willig,USA,M,SE,BIOCON,2012,145,1,SE,Michael R Willig,USA,M,SE,BIOCON,2011,144,1,SE,Michael R Willig,USA,M,SE,BIOCON,2010,143,1,SE,Michael R Willig,USA,M,SE,BIOCON,2009,142,1,SE,Michael R Willig,USA,M,SE,BIOCON,2008,141,1,SE,Michael R Willig,USA,M,SE,BIOCON,1987,39,1,EB,N.C. MORGAN,UK,M,SE,BIOCON,1988,43,1,EB,N.C. MORGAN,UK,M,SE,BIOCON,1989,47,1,EB,N.C. MORGAN,UK,M,SE,BIOCON,1990,51,1,EB,N.C. MORGAN,UK,M,SE,BIOCON,1991,55,1,EB,N.C. MORGAN,UK,M,SE,BIOCON,1993,64,1,EB,N.C. MORGAN,UK,M,SE,BIOCON,1994,67,1,EB,N.C. MORGAN,UK,M,SE,BIOCON,1995,71,1,EB,N.C. MORGAN,UK,M,SE,BIOCON,1996,75,1,EB,N.C. MORGAN,UK,M,SE,BIOCON,1997,79,1,EB,N.C. MORGAN,UK,M,SE,BIOCON,1998,83,1,EB,N.C. MORGAN,UK,M,SE,BIOCON,1999,87,1,EB,N.C. MORGAN,UK,M,SE,BIOCON,2000,92,1,EB,N.C. MORGAN,UK,M,SE,BIOCON,2001,97,1,EB,N.C. MORGAN,UK,M,SE,BIOCON,2002,103,1,EB,N.C. MORGAN,UK,M,SE,BIOCON,2003,109,1,EB,N.C. MORGAN,UK,M,SE,BIOCON,2004,115,1,EB,N.C. MORGAN,UK,M,SE,BIOCON,2011,144,1,AE,Navjot S Sodhi,Singapore,M,AE,BIOCON,2010,143,1,AE,Navjot S Sodhi,Singapore,M,AE,BIOCON,2009,142,1,AE,Navjot S Sodhi,Singapore,M,AE,BIOCON,1985,31,1,EB,OSAMU IKENOUYE,Japan,M,SE,BIOCON,1986,35,1,EB,OSAMU IKENOUYE,Japan,M,SE,BIOCON,1993,64,1,AE,P. FIELDER,USA,M,AE,BIOCON,1994,67,1,AE,P. FIELDER,USA,M,AE,BIOCON,1995,71,1,EB,P. FIELDER,USA,M,SE,BIOCON,1995,71,1,EB,P. FIELDER,USA,M,SE,BIOCON,1996,75,1,EB,P. FIELDER,USA,M,SE,BIOCON,1997,79,1,EB,P. FIELDER,USA,M,SE,BIOCON,1998,83,1,EB,P. FIELDER,USA,M,SE,BIOCON,1999,87,1,EB,P. FIELDER,USA,M,SE,BIOCON,2000,92,1,EB,P. FIELDER,USA,M,SE,BIOCON,2001,97,1,EB,P. FIELDER,USA,M,SE,BIOCON,2002,103,1,EB,P. FIELDER,USA,M,SE,BIOCON,2000,92,1,EB,P. POSCHLOD,Germany,M,SE,BIOCON,2001,97,1,EB,P. POSCHLOD,Germany,M,SE,BIOCON,2002,103,1,EB,P. POSCHLOD,Germany,M,SE,BIOCON,2003,109,1,EB,P. POSCHLOD,Germany,M,SE,BIOCON,2004,115,1,EB,P. POSCHLOD,Germany,M,SE,BIOCON,2005,121,1,EB,P. POSCHLOD,Germany,M,SE,BIOCON,2006,133,1,EB,P. POSCHLOD,Germany,M,SE,BIOCON,2007,140,1,EB,P. POSCHLOD,Germany,M,SE,BIOCON,2007,140,1,EB,P. WATTS,UK,M,SE,BIOCON,1993,64,1,EB,P.A. BUCKLEY,USA,M,SE,BIOCON,1994,67,1,EB,P.A. BUCKLEY,USA,M,SE,BIOCON,1995,71,1,EB,P.A. BUCKLEY,USA,M,SE,BIOCON,1996,75,1,EB,P.A. BUCKLEY,USA,M,SE,BIOCON,1997,79,1,EB,P.A. BUCKLEY,USA,M,SE,BIOCON,1998,83,1,EB,P.A. BUCKLEY,USA,M,SE,BIOCON,1999,87,1,EB,P.A. BUCKLEY,USA,M,SE,BIOCON,2000,92,1,EB,P.A. BUCKLEY,USA,M,SE,BIOCON,2001,97,1,EB,P.A. BUCKLEY,USA,M,SE,BIOCON,2002,103,1,EB,P.A. BUCKLEY,USA,M,SE,BIOCON,2003,109,1,EB,P.A. BUCKLEY,USA,M,SE,BIOCON,1995,71,1,EB,P.A.R. HOCKEY,South Africa,M,SE,BIOCON,1996,75,1,EB,P.A.R. HOCKEY,South Africa,M,SE,BIOCON,1997,79,1,EB,P.A.R. HOCKEY,South Africa,M,SE,BIOCON,1998,83,1,EB,P.A.R. HOCKEY,South Africa,M,SE,BIOCON,1999,87,1,EB,P.A.R. HOCKEY,South Africa,M,SE,BIOCON,2000,92,1,EB,P.A.R. HOCKEY,South Africa,M,SE,BIOCON,2001,97,1,EB,P.A.R. HOCKEY,South Africa,M,SE,BIOCON,2002,103,1,EB,P.A.R. HOCKEY,South Africa,M,SE,BIOCON,2003,109,1,EB,P.A.R. HOCKEY,South Africa,M,SE,BIOCON,2004,115,1,EB,P.A.R. HOCKEY,South Africa,M,SE,BIOCON,2006,133,1,EB,P.A.R. HOCKEY,South Africa,M,SE,BIOCON,2007,140,1,EB,P.A.R. HOCKEY,South Africa,M,SE,BIOCON,2013,157,1,SE,Peter B Moyle,USA,M,SE,BIOCON,2012,145,1,SE,Peter B Moyle,USA,M,SE,BIOCON,2011,144,1,SE,Peter B Moyle,USA,M,SE,BIOCON,2010,143,1,SE,Peter B Moyle,USA,M,SE,BIOCON,2009,142,1,SE,Peter B Moyle,USA,M,SE,BIOCON,2008,141,1,SE,Peter B Moyle,USA,M,SE,BIOCON,1990,51,1,EB,PETER B. MOYLE,USA,M,SE,BIOCON,1991,55,1,EB,PETER B. MOYLE,USA,M,SE,BIOCON,1992,59,1,EB,PETER B. MOYLE,USA,M,SE,BIOCON,1993,64,1,EB,PETER B. MOYLE,USA,M,SE,BIOCON,1994,67,1,EB,PETER B. MOYLE,USA,M,SE,BIOCON,1995,71,1,EB,PETER B. MOYLE,USA,M,SE,BIOCON,1996,75,1,EB,PETER B. MOYLE,USA,M,SE,BIOCON,1997,79,1,EB,PETER B. MOYLE,USA,M,SE,BIOCON,1998,83,1,EB,PETER B. MOYLE,USA,M,SE,BIOCON,1999,87,1,EB,PETER B. MOYLE,USA,M,SE,BIOCON,2000,92,1,EB,PETER B. MOYLE,USA,M,SE,BIOCON,2001,97,1,EB,PETER B. MOYLE,USA,M,SE,BIOCON,2002,103,1,EB,PETER B. MOYLE,USA,M,SE,BIOCON,2003,109,1,EB,PETER B. MOYLE,USA,M,SE,BIOCON,2004,115,1,EB,PETER B. MOYLE,USA,M,SE,BIOCON,2006,133,1,EB,PETER B. MOYLE,USA,M,SE,BIOCON,2007,140,1,EB,PETER B. MOYLE,USA,M,SE,BIOCON,2013,157,1,SE,Peter Poschlod,Germany,M,SE,BIOCON,2012,145,1,SE,Peter Poschlod,Germany,M,SE,BIOCON,2011,144,1,SE,Peter Poschlod,Germany,M,SE,BIOCON,2010,143,1,SE,Peter Poschlod,Germany,M,SE,BIOCON,2009,142,1,SE,Peter Poschlod,Germany,M,SE,BIOCON,2008,141,1,SE,Peter Poschlod,Germany,M,SE,BIOCON,2013,157,1,SE,Phil A R Hockey,South Africa,M,SE,BIOCON,2012,145,1,SE,Phil A R Hockey,South Africa,M,SE,BIOCON,2011,144,1,SE,Phil A R Hockey,South Africa,M,SE,BIOCON,2010,143,1,SE,Phil A R Hockey,South Africa,M,SE,BIOCON,2009,142,1,SE,Phil A R Hockey,South Africa,M,SE,BIOCON,2008,141,1,SE,Phil A R Hockey,South Africa,M,SE,BIOCON,2013,157,1,SE,Phill Watts,UK,M,SE,BIOCON,2012,145,1,SE,Phill Watts,UK,M,SE,BIOCON,2011,144,1,SE,Phill Watts,UK,M,SE,BIOCON,2010,143,1,SE,Phill Watts,UK,M,SE,BIOCON,2009,142,1,SE,Phill Watts,UK,M,SE,BIOCON,2008,141,1,SE,Phill Watts,UK,M,SE,BIOCON,2010,143,1,SE,R Gerald Wright,USA,M,SE,BIOCON,2009,142,1,SE,R Gerald Wright,USA,M,SE,BIOCON,2008,141,1,SE,R Gerald Wright,USA,M,SE,BIOCON,2005,123,4,SE,R. B. PRIMACK,USA,M,SE,BIOCON,2005,121,1,SE,R. B. PRIMACK,USA,M,SE,BIOCON,2006,133,1,SE,R. B. PRIMACK,USA,M,SE,BIOCON,2007,140,1,SE,R. B. PRIMACK,USA,M,SE,BIOCON,2007,140,1,SE,R. CORLETT,China,M,SE,BIOCON,1998,83,1,EB,R. DIRZO,USA,M,SE,BIOCON,1999,87,1,EB,R. DIRZO,USA,M,SE,BIOCON,2000,92,1,EB,R. DIRZO,USA,M,SE,BIOCON,2001,97,1,EB,R. DIRZO,USA,M,SE,BIOCON,2002,103,1,EB,R. DIRZO,USA,M,SE,BIOCON,2003,109,1,EB,R. DIRZO,USA,M,SE,BIOCON,2004,115,1,EB,R. DIRZO,USA,M,SE,BIOCON,2005,121,1,EB,R. FRANKHAM,Australia,M,SE,BIOCON,1993,64,1,EB,R. GERALD WRIGHT,USA,M,SE,BIOCON,1994,67,1,EB,R. GERALD WRIGHT,USA,M,SE,BIOCON,1995,71,1,EB,R. GERALD WRIGHT,USA,M,SE,BIOCON,1996,75,1,EB,R. GERALD WRIGHT,USA,M,SE,BIOCON,1997,79,1,EB,R. GERALD WRIGHT,USA,M,SE,BIOCON,1999,87,1,SE,R. GERALD WRIGHT,USA,M,SE,BIOCON,2000,92,1,SE,R. GERALD WRIGHT,USA,M,SE,BIOCON,2001,97,1,SE,R. GERALD WRIGHT,USA,M,SE,BIOCON,2002,103,1,SE,R. GERALD WRIGHT,USA,M,SE,BIOCON,2003,109,1,SE,R. GERALD WRIGHT,USA,M,SE,BIOCON,2005,121,1,EB,R. GERALD WRIGHT,USA,M,SE,BIOCON,2006,133,1,EB,R. GERALD WRIGHT,USA,M,SE,BIOCON,2007,140,1,EB,R. GERALD WRIGHT,USA,M,SE,BIOCON,1998,83,1,EB,R. H. MARRS,UK,M,SE,BIOCON,1999,87,1,EB,R. H. MARRS,UK,M,SE,BIOCON,2000,92,1,SE,R. H. MARRS,UK,M,SE,BIOCON,2001,97,1,SE,R. H. MARRS,UK,M,SE,BIOCON,2002,103,1,SE,R. H. MARRS,UK,M,SE,BIOCON,2003,109,1,SE,R. H. MARRS,UK,M,SE,BIOCON,2004,115,1,EIC,R. H. MARRS,UK,M,EIC,BIOCON,2005,123,4,EIC,R. H. MARRS,UK,M,EIC,BIOCON,2005,121,1,EIC,R. H. MARRS,UK,M,EIC,BIOCON,2006,133,1,EIC,R. H. MARRS,UK,M,EIC,BIOCON,2007,140,1,EIC,R. H. MARRS,UK,M,EIC,BIOCON,2004,115,1,EB,R.B. BLAIR,USA,M,SE,BIOCON,2004,115,1,EB,R.G. WRIGHT,USA,M,SE,BIOCON,1997,79,1,EB,R.L. JEFFERIES,Canada,M,SE,BIOCON,1998,83,1,EB,R.L. JEFFERIES,Canada,M,SE,BIOCON,1999,87,1,EB,R.L. JEFFERIES,Canada,M,SE,BIOCON,2000,92,1,EB,R.L. JEFFERIES,Canada,M,SE,BIOCON,2001,97,1,EB,R.L. JEFFERIES,Canada,M,SE,BIOCON,2002,103,1,EB,R.L. JEFFERIES,Canada,M,SE,BIOCON,2003,109,1,EB,R.L. JEFFERIES,Canada,M,SE,BIOCON,2004,115,1,EB,R.L. JEFFERIES,Canada,M,SE,BIOCON,2006,133,1,EB,R.L. JEFFERLES,Canada,M,SE,BIOCON,2007,140,1,EB,R.L. JEFFERLES,Canada,M,SE,BIOCON,2013,157,1,SE,Rafael D Loyola,Brazil,M,SE,BIOCON,2012,145,1,SE,Rafael D Loyola,Brazil,M,SE,BIOCON,2013,157,1,SE,Regis Cereghino,France,M,SE,BIOCON,2012,145,1,SE,Regis Cereghino,France,M,SE,BIOCON,2011,144,1,SE,Regis Cereghino,France,M,SE,BIOCON,2010,143,1,SE,Regis Cereghino,France,M,SE,BIOCON,2013,157,1,EIC,Richard B Primack,USA,M,EIC,BIOCON,2012,145,1,EIC,Richard B Primack,USA,M,EIC,BIOCON,2011,144,1,EIC,Richard B Primack,USA,M,EIC,BIOCON,2010,143,1,EIC,Richard B Primack,USA,M,EIC,BIOCON,2009,142,1,EIC,Richard B Primack,USA,M,EIC,BIOCON,2008,141,1,EIC,Richard B Primack,USA,M,EIC,BIOCON,2013,157,1,AE,Richard T Corlett,China,M,AE,BIOCON,2012,145,1,AE,Richard T Corlett,China,M,AE,BIOCON,2011,144,1,AE,Richard T Corlett,China,M,AE,BIOCON,2010,143,1,AE,Richard T Corlett,China,M,AE,BIOCON,2009,142,1,AE,Richard T Corlett,China,M,AE,BIOCON,2008,141,1,AE,Richard T Corlett,China,M,AE,BIOCON,2013,157,1,SE,Rob Marrs,UK,M,SE,BIOCON,2012,145,1,SE,Rob Marrs,UK,M,SE,BIOCON,2011,144,1,SE,Rob Marrs,UK,M,SE,BIOCON,2010,143,1,SE,Rob Marrs,UK,M,SE,BIOCON,2009,142,1,AE,Rob Marrs,UK,M,AE,BIOCON,2008,141,1,AE,Rob Marrs,UK,M,AE,BIOCON,2009,142,1,SE,Robert L Jefferies,Canada,M,SE,BIOCON,2008,141,1,SE,Robert L Jefferies,Canada,M,SE,BIOCON,2013,157,1,AE,Robin Pakeman,UK,M,AE,BIOCON,2012,145,1,AE,Robin Pakeman,UK,M,AE,BIOCON,2011,144,1,AE,Robin Pakeman,UK,M,AE,BIOCON,2006,133,1,EB,S. WALDREN,Ireland,M,SE,BIOCON,2007,140,1,EB,S. WALDREN,Ireland,M,SE,BIOCON,1985,31,1,EB,SIR PETER SCOTT,UK,M,SE,BIOCON,1986,35,1,EB,SIR PETER SCOTT,UK,M,SE,BIOCON,2013,157,1,SE,Stephen Waldren,Ireland,M,SE,BIOCON,2012,145,1,SE,Stephen Waldren,Ireland,M,SE,BIOCON,2011,144,1,SE,Stephen Waldren,Ireland,M,SE,BIOCON,2010,143,1,SE,Stephen Waldren,Ireland,M,SE,BIOCON,2009,142,1,SE,Stephen Waldren,Ireland,M,SE,BIOCON,2008,141,1,SE,Stephen Waldren,Ireland,M,SE,BIOCON,2013,157,1,SE,Steve Hawkins,UK,M,SE,BIOCON,2012,145,1,SE,Steve Hawkins,UK,M,SE,BIOCON,2011,144,1,SE,Steve Hawkins,UK,M,SE,BIOCON,2010,143,1,SE,Steve Hawkins,UK,M,SE,BIOCON,2009,142,1,SE,Steve Hawkins,UK,M,SE,BIOCON,2008,141,1,SE,Steve Hawkins,UK,M,SE,BIOCON,1998,83,1,EB,STEVE J. HAWKINGS,UK,M,SE,BIOCON,2000,92,1,EB,STEVE J. HAWKINGS,UK,M,SE,BIOCON,2001,97,1,EB,STEVE J. HAWKINGS,UK,M,SE,BIOCON,2002,103,1,EB,STEVE J. HAWKINGS,UK,M,SE,BIOCON,2003,109,1,EB,STEVE J. HAWKINGS,UK,M,SE,BIOCON,2004,115,1,EB,STEVE J. HAWKINGS,UK,M,SE,BIOCON,2005,121,1,EB,STEVE J. HAWKINGS,UK,M,SE,BIOCON,2006,133,1,EB,STEVE J. HAWKINGS,UK,M,SE,BIOCON,2007,140,1,EB,STEVE J. HAWKINGS,UK,M,SE,BIOCON,2004,115,1,EB,T. CARO,USA,M,SE,BIOCON,2005,121,1,EB,T. CARO,USA,M,SE,BIOCON,2006,133,1,EB,T. CARO,USA,M,SE,BIOCON,2007,140,1,EB,T. CARO,USA,M,SE,BIOCON,2007,140,1,EB,T. SPARKS,UK,M,SE,BIOCON,1987,39,1,EB,T.C. WITHMORE,UK,M,SE,BIOCON,1988,43,1,EB,T.C. WITHMORE,UK,M,SE,BIOCON,1989,47,1,EB,T.C. WITHMORE,UK,M,SE,BIOCON,1990,51,1,EB,T.C. WITHMORE,UK,M,SE,BIOCON,1991,55,1,EB,T.C. WITHMORE,UK,M,SE,BIOCON,1992,59,1,EB,T.C. WITHMORE,UK,M,SE,BIOCON,1993,64,1,EB,T.C. WITHMORE,UK,M,SE,BIOCON,1994,67,1,EB,T.C. WITHMORE,UK,M,SE,BIOCON,1995,71,1,EB,T.C. WITHMORE,UK,M,SE,BIOCON,1996,75,1,EB,T.C. WITHMORE,UK,M,SE,BIOCON,1997,79,1,EB,T.C. WITHMORE,UK,M,SE,BIOCON,1998,83,1,EB,T.C. WITHMORE,UK,M,SE,BIOCON,1999,87,1,EB,T.C. WITHMORE,UK,M,SE,BIOCON,1987,39,1,EB,T.R. NEW,Australia,M,SE,BIOCON,1988,43,1,EB,T.R. NEW,Australia,M,SE,BIOCON,1989,47,1,EB,T.R. NEW,Australia,M,SE,BIOCON,1990,51,1,EB,T.R. NEW,Australia,M,SE,BIOCON,1991,55,1,EB,T.R. NEW,Australia,M,SE,BIOCON,1992,59,1,EB,T.R. NEW,Australia,M,SE,BIOCON,1993,64,1,SE,T.R. NEW,Australia,M,SE,BIOCON,1994,67,1,SE,T.R. NEW,Australia,M,SE,BIOCON,1995,71,1,SE,T.R. NEW,Australia,M,SE,BIOCON,1996,75,1,SE,T.R. NEW,Australia,M,SE,BIOCON,1997,79,1,SE,T.R. NEW,Australia,M,SE,BIOCON,1998,83,1,SE,T.R. NEW,Australia,M,SE,BIOCON,1999,87,1,SE,T.R. NEW,Australia,M,SE,BIOCON,2000,92,1,SE,T.R. NEW,Australia,M,SE,BIOCON,2001,97,1,SE,T.R. NEW,Australia,M,SE,BIOCON,2003,109,1,EB,T.R. NEW,Australia,M,SE,BIOCON,2004,115,1,EB,T.R. NEW,Australia,M,SE,BIOCON,2007,140,1,EB,T.R. NEW,Australia,M,SE,BIOCON,1985,31,1,EB,TH. MONOD,France,M,SE,BIOCON,1986,35,1,EB,TH. MONOD,France,M,SE,BIOCON,2013,157,1,SE,Tim Caro,USA,M,SE,BIOCON,2012,145,1,SE,Tim Caro,USA,M,SE,BIOCON,2011,144,1,SE,Tim Caro,USA,M,SE,BIOCON,2010,143,1,SE,Tim Caro,USA,M,SE,BIOCON,2009,142,1,SE,Tim Caro,USA,M,SE,BIOCON,2008,141,1,SE,Tim Caro,USA,M,SE,BIOCON,2013,157,1,SE,Tim R New,Australia,M,SE,BIOCON,2012,145,1,SE,Tim R New,Australia,M,SE,BIOCON,2011,144,1,SE,Tim R New,Australia,M,SE,BIOCON,2010,143,1,SE,Tim R New,Australia,M,SE,BIOCON,2009,142,1,SE,Tim R New,Australia,M,SE,BIOCON,2008,141,1,SE,Tim R New,Australia,M,SE,BIOCON,2013,157,1,SE,Tim Sparks,UK,M,SE,BIOCON,2012,145,1,SE,Tim Sparks,UK,M,SE,BIOCON,2011,144,1,SE,Tim Sparks,UK,M,SE,BIOCON,2010,143,1,SE,Tim Sparks,UK,M,SE,BIOCON,2009,142,1,SE,Tim Sparks,UK,M,SE,BIOCON,2008,141,1,SE,Tim Sparks,UK,M,SE,BIOCON,1985,31,1,EB,V. WESTHOFF,Netherlands,M,SE,BIOCON,1986,35,1,EB,V. WESTHOFF,Netherlands,M,SE,BIOCON,1987,39,1,EB,V. WESTHOFF,Netherlands,M,SE,BIOCON,1988,43,1,EB,V. WESTHOFF,Netherlands,M,SE,BIOCON,1985,31,1,EB,W. ERZ,Germany,M,SE,BIOCON,1986,35,1,EB,W. ERZ,Germany,M,SE,BIOCON,1987,39,1,EB,W. ERZ,Germany,M,SE,BIOCON,1988,43,1,EB,W. ERZ,Germany,M,SE,BIOCON,1989,47,1,EB,W. ERZ,Germany,M,SE,BIOCON,1990,51,1,EB,W. ERZ,Germany,M,SE,BIOCON,1991,55,1,EB,W. ERZ,Germany,M,SE,BIOCON,1992,59,1,EB,W. ERZ,Germany,M,SE,BIOCON,1993,64,1,EB,W. ERZ,Germany,M,SE,BIOCON,1998,83,1,EB,W.F. LAURANCE,Brazil,M,SE,BIOCON,1999,87,1,EB,W.F. LAURANCE,Brazil,M,SE,BIOCON,2000,92,1,EB,W.F. LAURANCE,Brazil,M,SE,BIOCON,2001,97,1,EB,W.F. LAURANCE,Brazil,M,SE,BIOCON,2002,103,1,EB,W.F. LAURANCE,Brazil,M,SE,BIOCON,2003,109,1,EB,W.F. LAURANCE,Brazil,M,SE,BIOCON,2004,115,1,EB,W.F. LAURANCE,Brazil,M,SE,BIOCON,2006,133,1,EB,W.F. LAURANCE,Panama,M,SE,BIOCON,2007,140,1,EB,W.F. LAURANCE,Panama,M,SE,BIOCON,1985,31,1,EB,W.H. DRURY,USA,M,SE,BIOCON,1986,35,1,EB,W.H. DRURY,USA,M,SE,BIOCON,1987,39,1,EB,W.H. DRURY,USA,M,SE,BIOCON,1988,43,1,EB,W.H. DRURY,USA,M,SE,BIOCON,1989,47,1,EB,W.J. WOLFF,Netherlands,M,SE,BIOCON,1990,51,1,EB,W.J. WOLFF,Netherlands,M,SE,BIOCON,1991,55,1,EB,W.J. WOLFF,Netherlands,M,SE,BIOCON,1992,59,1,EB,W.J. WOLFF,Netherlands,M,SE,BIOCON,1993,64,1,EB,W.J. WOLFF,Netherlands,M,SE,BIOCON,1994,67,1,EB,W.J. WOLFF,Netherlands,M,SE,BIOCON,1995,71,1,EB,W.J. WOLFF,Netherlands,M,SE,BIOCON,1996,75,1,EB,W.J. WOLFF,Netherlands,M,SE,BIOCON,1997,79,1,EB,W.J. WOLFF,Netherlands,M,SE,BIOCON,1998,83,1,EB,W.J. WOLFF,Netherlands,M,SE,BIOCON,1999,87,1,EB,W.J. WOLFF,Netherlands,M,SE,BIOCON,2000,92,1,EB,W.J. WOLFF,Netherlands,M,SE,BIOCON,2001,97,1,EB,W.J. WOLFF,Netherlands,M,SE,BIOCON,2002,103,1,EB,W.J. WOLFF,Netherlands,M,SE,BIOCON,2003,109,1,EB,W.J. WOLFF,Netherlands,M,SE,BIOCON,2004,115,1,EB,W.J. WOLFF,Netherlands,M,SE,BIOCON,2013,157,1,SE,William Darwall,UK,M,SE,BIOCON,2012,145,1,SE,William Darwall,UK,M,SE,BIOCON,2013,157,1,SE,William F Laurance,Panama,M,SE,BIOCON,2012,145,1,SE,William F Laurance,Panama,M,SE,BIOCON,2011,144,1,SE,William F Laurance,Panama,M,SE,BIOCON,2010,143,1,SE,William F Laurance,Panama,M,SE,BIOCON,2009,142,1,SE,William F Laurance,Panama,M,SE,BIOCON,2008,141,1,SE,William F Laurance,Panama,M,SE,